{
    "0.0": {
        "precision": 0.75,
        "recall": 0.8,
        "f1-score": 0.7741935483870968,
        "support": 15.0
    },
    "1.0": {
        "precision": 0.7857142857142857,
        "recall": 0.7333333333333333,
        "f1-score": 0.7586206896551724,
        "support": 15.0
    },
    "accuracy": 0.7666666666666667,
    "macro avg": {
        "precision": 0.7678571428571428,
        "recall": 0.7666666666666666,
        "f1-score": 0.7664071190211346,
        "support": 30.0
    },
    "weighted avg": {
        "precision": 0.7678571428571428,
        "recall": 0.7666666666666667,
        "f1-score": 0.7664071190211346,
        "support": 30.0
    }
}